"id","info","updated_at","mt_loaded_at","mt_load_process"
1204363049088145,"{""gid"": ""1204363049088145"", ""name"": ""LS SRB | GA4"", ""tags"": [], ""due_at"": null, ""due_on"": null, ""assignee"": {""gid"": ""1203479392111618"", ""resource_type"": ""user""}, ""projects"": [{""gid"": ""1203714882969699"", ""resource_type"": ""project""}], ""completed"": false, ""created_at"": ""2023-04-10T11:59:56.179Z"", ""memberships"": [{}], ""modified_at"": ""2023-04-19T11:27:55.948Z"", ""completed_at"": null, ""assignee_status"": ""inbox"", ""actual_time_minutes"": null}",2023-04-19 11:27:55.948,2023-04-29 07:40:59.511,node_loader.32651.1682754059511
1204479625032339,"{""gid"": ""1204479625032339"", ""name"": ""S Marathon"", ""tags"": [], ""due_at"": null, ""due_on"": null, ""assignee"": {""gid"": ""1203479392111618"", ""resource_type"": ""user""}, ""projects"": [{""gid"": ""1203714882969699"", ""resource_type"": ""project""}], ""completed"": false, ""created_at"": ""2023-04-27T08:25:24.889Z"", ""memberships"": [{}], ""modified_at"": ""2023-04-27T08:25:33.368Z"", ""completed_at"": null, ""assignee_status"": ""inbox"", ""actual_time_minutes"": null}",2023-04-27 08:25:33.368,2023-04-29 07:40:59.511,node_loader.32651.1682754059511
1204479625032369,"{""gid"": ""1204479625032369"", ""name"": ""BDTK"", ""tags"": [], ""due_at"": null, ""due_on"": null, ""assignee"": null, ""projects"": [{""gid"": ""1203714882969699"", ""resource_type"": ""project""}], ""completed"": false, ""created_at"": ""2023-04-28T13:41:44.383Z"", ""memberships"": [{}], ""modified_at"": ""2023-04-28T23:04:48.774Z"", ""completed_at"": null, ""assignee_status"": ""upcoming"", ""actual_time_minutes"": null}",2023-04-28 23:04:48.774,2023-04-29 07:40:59.511,node_loader.32651.1682754059511
1204362257725594,"{""gid"": ""1204362257725594"", ""name"": ""Follow up on Re: [NEW DEV/DM/DT LEAD] | eshop, dm, ga4, capig"", ""tags"": [], ""due_at"": null, ""due_on"": null, ""assignee"": {""gid"": ""1203479392111618"", ""resource_type"": ""user""}, ""projects"": [{""gid"": ""1203714882969699"", ""resource_type"": ""project""}], ""completed"": false, ""created_at"": ""2023-04-10T11:10:37.998Z"", ""memberships"": [{}], ""modified_at"": ""2023-04-26T14:16:58.425Z"", ""completed_at"": null, ""assignee_status"": ""inbox"", ""actual_time_minutes"": null}",2023-04-26 14:16:58.425,2023-04-29 07:40:59.511,node_loader.32651.1682754059511
1203487944701866,"{""gid"": ""1203487944701866"", ""name"": ""GA4 Offering"", ""tags"": [{""gid"": ""1201337782678097"", ""resource_type"": ""tag""}], ""due_at"": null, ""due_on"": null, ""assignee"": {""gid"": ""1203479392111618"", ""resource_type"": ""user""}, ""projects"": [{""gid"": ""1203714882969699"", ""resource_type"": ""project""}], ""completed"": false, ""created_at"": ""2022-12-05T00:21:42.295Z"", ""memberships"": [{}], ""modified_at"": ""2023-04-26T21:16:28.935Z"", ""completed_at"": null, ""assignee_status"": ""inbox"", ""actual_time_minutes"": null}",2023-04-26 21:16:28.935,2023-04-29 07:40:59.511,node_loader.32651.1682754059511
1204306548809388,"{""gid"": ""1204306548809388"", ""name"": ""GA4 Migration"", ""tags"": [], ""due_at"": null, ""due_on"": null, ""assignee"": {""gid"": ""1203479392111618"", ""resource_type"": ""user""}, ""projects"": [{""gid"": ""1203714882969699"", ""resource_type"": ""project""}], ""completed"": false, ""created_at"": ""2023-03-31T07:46:26.677Z"", ""memberships"": [{}], ""modified_at"": ""2023-04-26T21:16:47.570Z"", ""completed_at"": null, ""assignee_status"": ""inbox"", ""actual_time_minutes"": null}",2023-04-26 21:16:47.570,2023-04-29 07:40:59.511,node_loader.32651.1682754059511
1204362807781129,"{""gid"": ""1204362807781129"", ""name"": ""Pet & Amzn - Strategy & DM Offer"", ""tags"": [], ""due_at"": null, ""due_on"": null, ""assignee"": {""gid"": ""1203479392111618"", ""resource_type"": ""user""}, ""projects"": [{""gid"": ""1203714882969699"", ""resource_type"": ""project""}], ""completed"": false, ""created_at"": ""2023-04-10T11:11:32.211Z"", ""memberships"": [{}], ""modified_at"": ""2023-04-26T21:17:07.269Z"", ""completed_at"": null, ""assignee_status"": ""inbox"", ""actual_time_minutes"": null}",2023-04-26 21:17:07.269,2023-04-29 07:40:59.511,node_loader.32651.1682754059511
1204020538535246,"{""gid"": ""1204020538535246"", ""name"": ""GA4 Migration & Home Page Tracking"", ""tags"": [], ""due_at"": null, ""due_on"": null, ""assignee"": {""gid"": ""1203479392111618"", ""resource_type"": ""user""}, ""projects"": [{""gid"": ""1203714882969699"", ""resource_type"": ""project""}], ""completed"": false, ""created_at"": ""2023-02-22T08:49:03.191Z"", ""memberships"": [{}], ""modified_at"": ""2023-04-20T08:45:51.557Z"", ""completed_at"": null, ""assignee_status"": ""inbox"", ""actual_time_minutes"": null}",2023-04-20 08:45:51.557,2023-04-29 07:40:59.511,node_loader.32651.1682754059511
1204346445771494,"{""gid"": ""1204346445771494"", ""name"": ""GA4 Migration"", ""tags"": [], ""due_at"": null, ""due_on"": null, ""assignee"": {""gid"": ""1203479392111618"", ""resource_type"": ""user""}, ""projects"": [{""gid"": ""1203714882969699"", ""resource_type"": ""project""}], ""completed"": false, ""created_at"": ""2023-04-06T09:05:47.171Z"", ""memberships"": [{}], ""modified_at"": ""2023-04-26T21:18:38.486Z"", ""completed_at"": null, ""assignee_status"": ""inbox"", ""actual_time_minutes"": null}",2023-04-26 21:18:38.486,2023-04-29 07:40:59.511,node_loader.32651.1682754059511
1204020526587420,"{""gid"": ""1204020526587420"", ""name"": ""GA4 Request & Next Steps"", ""tags"": [], ""due_at"": null, ""due_on"": null, ""assignee"": {""gid"": ""1203479392111618"", ""resource_type"": ""user""}, ""projects"": [{""gid"": ""1203714882969699"", ""resource_type"": ""project""}], ""completed"": false, ""created_at"": ""2023-02-22T08:40:49.748Z"", ""memberships"": [{}], ""modified_at"": ""2023-04-26T21:19:33.135Z"", ""completed_at"": null, ""assignee_status"": ""inbox"", ""actual_time_minutes"": null}",2023-04-26 21:19:33.135,2023-04-29 07:40:59.511,node_loader.32651.1682754059511
1204430709874901,"{""gid"": ""1204430709874901"", ""name"": ""S GA4 Migration"", ""tags"": [], ""due_at"": null, ""due_on"": null, ""assignee"": {""gid"": ""1204167891637644"", ""resource_type"": ""user""}, ""projects"": [{""gid"": ""1203714882969699"", ""resource_type"": ""project""}], ""completed"": false, ""created_at"": ""2023-04-20T08:13:07.338Z"", ""memberships"": [{}], ""modified_at"": ""2023-04-28T13:23:30.373Z"", ""completed_at"": null, ""assignee_status"": ""inbox"", ""actual_time_minutes"": null}",2023-04-28 13:23:30.373,2023-04-29 07:40:59.511,node_loader.32651.1682754059511
1204245810981370,"{""gid"": ""1204245810981370"", ""name"": ""NK GA4 Migration "", ""tags"": [], ""due_at"": null, ""due_on"": null, ""assignee"": {""gid"": ""1203479392111618"", ""resource_type"": ""user""}, ""projects"": [{""gid"": ""1203714882969699"", ""resource_type"": ""project""}], ""completed"": false, ""created_at"": ""2023-03-23T09:17:03.361Z"", ""memberships"": [{}], ""modified_at"": ""2023-04-27T08:26:21.544Z"", ""completed_at"": null, ""assignee_status"": ""inbox"", ""actual_time_minutes"": null}",2023-04-27 08:26:21.544,2023-04-29 07:40:59.511,node_loader.32651.1682754059511
1204479625032351,"{""gid"": ""1204479625032351"", ""name"": ""Pet GA4 Migration"", ""tags"": [], ""due_at"": null, ""due_on"": null, ""assignee"": {""gid"": ""1192914918961045"", ""resource_type"": ""user""}, ""projects"": [{""gid"": ""1203714882969699"", ""resource_type"": ""project""}], ""completed"": false, ""created_at"": ""2023-04-28T13:14:09.643Z"", ""memberships"": [{}], ""modified_at"": ""2023-04-28T13:18:36.590Z"", ""completed_at"": null, ""assignee_status"": ""inbox"", ""actual_time_minutes"": null}",2023-04-28 13:18:36.590,2023-04-29 07:40:59.511,node_loader.32651.1682754059511
1204479625032354,"{""gid"": ""1204479625032354"", ""name"": ""Pet Amzn GA4 Migration"", ""tags"": [], ""due_at"": null, ""due_on"": null, ""assignee"": {""gid"": ""1192914918961045"", ""resource_type"": ""user""}, ""projects"": [{""gid"": ""1203714882969699"", ""resource_type"": ""project""}], ""completed"": false, ""created_at"": ""2023-04-28T13:14:29.038Z"", ""memberships"": [{}], ""modified_at"": ""2023-04-28T13:18:39.132Z"", ""completed_at"": null, ""assignee_status"": ""inbox"", ""actual_time_minutes"": null}",2023-04-28 13:18:39.132,2023-04-29 07:40:59.511,node_loader.32651.1682754059511
1204479625032357,"{""gid"": ""1204479625032357"", ""name"": ""GA4 Migration"", ""tags"": [], ""due_at"": null, ""due_on"": null, ""assignee"": {""gid"": ""1204167891637644"", ""resource_type"": ""user""}, ""projects"": [{""gid"": ""1203714882969699"", ""resource_type"": ""project""}], ""completed"": false, ""created_at"": ""2023-04-28T13:14:42.543Z"", ""memberships"": [{}], ""modified_at"": ""2023-04-28T13:18:42.799Z"", ""completed_at"": null, ""assignee_status"": ""inbox"", ""actual_time_minutes"": null}",2023-04-28 13:18:42.799,2023-04-29 07:40:59.511,node_loader.32651.1682754059511
1204372731208340,"{""gid"": ""1204372731208340"", ""name"": ""Follow up on Re: New E-shop Tracking"", ""tags"": [], ""due_at"": null, ""due_on"": null, ""assignee"": {""gid"": ""1192914918961045"", ""resource_type"": ""user""}, ""projects"": [{""gid"": ""1203714882969699"", ""resource_type"": ""project""}], ""completed"": false, ""created_at"": ""2023-04-11T13:30:34.159Z"", ""memberships"": [{}], ""modified_at"": ""2023-04-27T09:51:40.721Z"", ""completed_at"": null, ""assignee_status"": ""inbox"", ""actual_time_minutes"": null}",2023-04-27 09:51:40.721,2023-04-29 07:40:59.511,node_loader.32651.1682754059511
1204020538535251,"{""gid"": ""1204020538535251"", ""name"": ""GTM & GA Setup "", ""tags"": [], ""due_at"": null, ""due_on"": null, ""assignee"": {""gid"": ""1192914918961045"", ""resource_type"": ""user""}, ""projects"": [{""gid"": ""1203714882969699"", ""resource_type"": ""project""}], ""completed"": false, ""created_at"": ""2023-02-22T08:50:51.926Z"", ""memberships"": [{}], ""modified_at"": ""2023-04-26T21:14:39.849Z"", ""completed_at"": null, ""assignee_status"": ""inbox"", ""actual_time_minutes"": null}",2023-04-26 21:14:39.849,2023-04-29 07:40:59.511,node_loader.32651.1682754059511
1204362905039256,"{""gid"": ""1204362905039256"", ""name"": ""New Lead for GTM"", ""tags"": [], ""due_at"": null, ""due_on"": ""2023-04-30"", ""assignee"": {""gid"": ""1204167891637644"", ""resource_type"": ""user""}, ""projects"": [{""gid"": ""1203714882969699"", ""resource_type"": ""project""}], ""completed"": false, ""created_at"": ""2023-04-10T11:10:09.084Z"", ""memberships"": [{}], ""modified_at"": ""2023-04-26T21:14:57.020Z"", ""completed_at"": null, ""assignee_status"": ""inbox"", ""actual_time_minutes"": null}",2023-04-26 21:14:57.020,2023-04-29 07:40:59.511,node_loader.32651.1682754059511
1203715458046503,"{""gid"": ""1203715458046503"", ""name"": ""GA4 Offer"", ""tags"": [], ""due_at"": null, ""due_on"": null, ""assignee"": {""gid"": ""1203479392111618"", ""resource_type"": ""user""}, ""projects"": [{""gid"": ""1203714882969699"", ""resource_type"": ""project""}], ""completed"": false, ""created_at"": ""2023-01-12T17:25:50.237Z"", ""memberships"": [{}], ""modified_at"": ""2023-04-26T21:15:23.330Z"", ""completed_at"": null, ""assignee_status"": ""inbox"", ""actual_time_minutes"": null}",2023-04-26 21:15:23.330,2023-04-29 07:40:59.511,node_loader.32651.1682754059511
1204118518147994,"{""gid"": ""1204118518147994"", ""name"": ""GA4 Additions & Fixes"", ""tags"": [], ""due_at"": null, ""due_on"": null, ""assignee"": {""gid"": ""1192914918961045"", ""resource_type"": ""user""}, ""projects"": [{""gid"": ""1203714882969699"", ""resource_type"": ""project""}], ""completed"": false, ""created_at"": ""2023-03-06T14:06:04.836Z"", ""memberships"": [{}], ""modified_at"": ""2023-04-26T21:16:07.364Z"", ""completed_at"": null, ""assignee_status"": ""inbox"", ""actual_time_minutes"": null}",2023-04-26 21:16:07.364,2023-04-29 07:40:59.511,node_loader.32651.1682754059511
1204340637852411,"{""gid"": ""1204340637852411"", ""name"": ""Google Analytics 4 Offer"", ""tags"": [], ""due_at"": null, ""due_on"": ""2023-05-12"", ""assignee"": {""gid"": ""1204167891637644"", ""resource_type"": ""user""}, ""projects"": [{""gid"": ""1203714882969699"", ""resource_type"": ""project""}], ""completed"": false, ""created_at"": ""2023-04-05T14:50:06.289Z"", ""memberships"": [{}], ""modified_at"": ""2023-04-26T21:12:26.324Z"", ""completed_at"": null, ""assignee_status"": ""inbox"", ""actual_time_minutes"": null}",2023-04-26 21:12:26.324,2023-04-29 07:40:59.511,node_loader.32651.1682754059511
1203515475032106,"{""gid"": ""1203515475032106"", ""name"": ""Follow up on Re: GA4 Lead"", ""tags"": [], ""due_at"": null, ""due_on"": null, ""assignee"": {""gid"": ""1192914918961045"", ""resource_type"": ""user""}, ""projects"": [{""gid"": ""1203714882969699"", ""resource_type"": ""project""}], ""completed"": false, ""created_at"": ""2022-12-08T12:47:03.020Z"", ""memberships"": [{}], ""modified_at"": ""2023-04-26T21:12:54.386Z"", ""completed_at"": null, ""assignee_status"": ""inbox"", ""actual_time_minutes"": null}",2023-04-26 21:12:54.386,2023-04-29 07:40:59.511,node_loader.32651.1682754059511
1204372551833641,"{""gid"": ""1204372551833641"", ""name"": ""Need for GA4 Offer"", ""tags"": [], ""due_at"": null, ""due_on"": null, ""assignee"": {""gid"": ""1192914918961045"", ""resource_type"": ""user""}, ""projects"": [{""gid"": ""1203714882969699"", ""resource_type"": ""project""}], ""completed"": false, ""created_at"": ""2023-04-11T13:15:47.199Z"", ""memberships"": [{}], ""modified_at"": ""2023-04-28T13:18:46.586Z"", ""completed_at"": null, ""assignee_status"": ""inbox"", ""actual_time_minutes"": null}",2023-04-28 13:18:46.586,2023-04-29 07:40:59.511,node_loader.32651.1682754059511
1203874203126072,"{""gid"": ""1203874203126072"", ""name"": ""[GA4] DM Lead"", ""tags"": [], ""due_at"": null, ""due_on"": null, ""assignee"": {""gid"": ""1192914918961045"", ""resource_type"": ""user""}, ""projects"": [{""gid"": ""1203714882969699"", ""resource_type"": ""project""}], ""completed"": false, ""created_at"": ""2023-02-01T09:31:49.153Z"", ""memberships"": [{}], ""modified_at"": ""2023-04-27T09:46:15.321Z"", ""completed_at"": null, ""assignee_status"": ""inbox"", ""actual_time_minutes"": null}",2023-04-27 09:46:15.321,2023-04-29 07:40:59.511,node_loader.32651.1682754059511
1204330010621092,"{""gid"": ""1204330010621092"", ""name"": ""Search Tracking Fixes"", ""tags"": [], ""due_at"": null, ""due_on"": null, ""assignee"": {""gid"": ""1204167891637644"", ""resource_type"": ""user""}, ""projects"": [{""gid"": ""1204183438404660"", ""resource_type"": ""project""}], ""completed"": true, ""created_at"": ""2023-04-04T11:12:51.935Z"", ""modified_at"": ""2023-04-11T07:28:15.409Z"", ""completed_at"": ""2023-04-11T07:28:08.001Z"", ""assignee_status"": ""inbox"", ""actual_time_minutes"": null}",2023-04-11 07:28:15.409,2023-04-14 15:44:29.368,node_loader.0.0
1204258209152210,"{""gid"": ""1204258209152210"", ""name"": ""Search List Performance"", ""tags"": [], ""due_at"": null, ""due_on"": null, ""assignee"": {""gid"": ""1192914918961045"", ""resource_type"": ""user""}, ""projects"": [{""gid"": ""1204183438404660"", ""resource_type"": ""project""}], ""completed"": true, ""created_at"": ""2023-03-24T11:00:16.913Z"", ""modified_at"": ""2023-04-09T14:39:49.280Z"", ""completed_at"": ""2023-04-09T14:39:46.949Z"", ""assignee_status"": ""inbox"", ""actual_time_minutes"": null}",2023-04-09 14:39:49.280,2023-04-14 15:44:29.368,node_loader.0.0
1204390205361909,"{""gid"": ""1204390205361909"", ""name"": ""Y GA4 Tracking"", ""tags"": [], ""due_at"": null, ""due_on"": null, ""assignee"": {""gid"": ""1203479392111618"", ""resource_type"": ""user""}, ""projects"": [{""gid"": ""1203639521855760"", ""resource_type"": ""project""}], ""completed"": false, ""created_at"": ""2023-04-13T12:42:41.255Z"", ""modified_at"": ""2023-04-13T13:08:23.351Z"", ""completed_at"": null, ""assignee_status"": ""inbox"", ""actual_time_minutes"": null}",2023-04-13 13:08:23.351,2023-04-14 15:44:29.368,node_loader.0.0
1204390205361913,"{""gid"": ""1204390205361913"", ""name"": ""Y UA Tracking"", ""tags"": [], ""due_at"": null, ""due_on"": null, ""assignee"": {""gid"": ""1203479392111618"", ""resource_type"": ""user""}, ""projects"": [{""gid"": ""1203639521855760"", ""resource_type"": ""project""}], ""completed"": false, ""created_at"": ""2023-04-13T13:07:55.112Z"", ""modified_at"": ""2023-04-13T13:08:26.631Z"", ""completed_at"": null, ""assignee_status"": ""inbox"", ""actual_time_minutes"": null}",2023-04-13 13:08:26.631,2023-04-14 15:44:29.368,node_loader.0.0
1204390205361919,"{""gid"": ""1204390205361919"", ""name"": ""GR | GA4 Tracking"", ""tags"": [], ""due_at"": null, ""due_on"": null, ""assignee"": {""gid"": ""1203479392111618"", ""resource_type"": ""user""}, ""projects"": [{""gid"": ""1203639521855760"", ""resource_type"": ""project""}], ""completed"": false, ""created_at"": ""2023-04-13T13:08:34.781Z"", ""modified_at"": ""2023-04-13T13:08:49.980Z"", ""completed_at"": null, ""assignee_status"": ""inbox"", ""actual_time_minutes"": null}",2023-04-13 13:08:49.980,2023-04-14 15:44:29.368,node_loader.0.0
1204390205361922,"{""gid"": ""1204390205361922"", ""name"": ""GR | UA Tracking"", ""tags"": [], ""due_at"": null, ""due_on"": null, ""assignee"": {""gid"": ""1203479392111618"", ""resource_type"": ""user""}, ""projects"": [{""gid"": ""1203639521855760"", ""resource_type"": ""project""}], ""completed"": false, ""created_at"": ""2023-04-13T13:08:59.111Z"", ""modified_at"": ""2023-04-13T13:09:13.110Z"", ""completed_at"": null, ""assignee_status"": ""inbox"", ""actual_time_minutes"": null}",2023-04-13 13:09:13.110,2023-04-14 15:44:29.368,node_loader.0.0
1204278977620449,"{""gid"": ""1204278977620449"", ""name"": ""Cosmos | USPs Callout"", ""tags"": [], ""due_at"": null, ""due_on"": null, ""assignee"": {""gid"": ""1192914918961045"", ""resource_type"": ""user""}, ""projects"": [{""gid"": ""1203639521855760"", ""resource_type"": ""project""}], ""completed"": false, ""created_at"": ""2023-03-30T10:32:45.285Z"", ""modified_at"": ""2023-04-13T12:20:17.126Z"", ""completed_at"": null, ""assignee_status"": ""inbox"", ""actual_time_minutes"": null}",2023-04-13 12:20:17.126,2023-04-14 15:44:29.368,node_loader.0.0
1204380044618448,"{""gid"": ""1204380044618448"", ""name"": ""Analytics Order check"", ""tags"": [], ""due_at"": null, ""due_on"": null, ""assignee"": {""gid"": ""1192914918961045"", ""resource_type"": ""user""}, ""projects"": [{""gid"": ""1203639521855760"", ""resource_type"": ""project""}], ""completed"": false, ""created_at"": ""2023-04-12T09:38:08.584Z"", ""modified_at"": ""2023-04-12T11:53:09.954Z"", ""completed_at"": null, ""assignee_status"": ""inbox"", ""actual_time_minutes"": null}",2023-04-12 11:53:09.954,2023-04-14 15:44:29.368,node_loader.0.0
1204318569190865,"{""gid"": ""1204318569190865"", ""name"": ""CY | Affiliates "", ""tags"": [], ""due_at"": null, ""due_on"": null, ""assignee"": {""gid"": ""1192914918961045"", ""resource_type"": ""user""}, ""projects"": [{""gid"": ""1203639521855760"", ""resource_type"": ""project""}], ""completed"": false, ""created_at"": ""2023-04-05T13:56:56.471Z"", ""modified_at"": ""2023-04-10T07:38:18.809Z"", ""completed_at"": null, ""assignee_status"": ""inbox"", ""actual_time_minutes"": null}",2023-04-10 07:38:18.809,2023-04-14 15:44:29.368,node_loader.0.0
1203712454702818,"{""gid"": ""1203712454702818"", ""name"": ""Homepage Tracking"", ""tags"": [], ""due_at"": null, ""due_on"": null, ""assignee"": {""gid"": ""1192914918961045"", ""resource_type"": ""user""}, ""projects"": [{""gid"": ""1203639521855760"", ""resource_type"": ""project""}], ""completed"": false, ""created_at"": ""2023-01-12T15:34:50.220Z"", ""modified_at"": ""2023-04-13T12:22:59.698Z"", ""completed_at"": null, ""assignee_status"": ""inbox"", ""actual_time_minutes"": null}",2023-04-13 12:22:59.698,2023-04-14 15:44:29.368,node_loader.0.0
1204011305217203,"{""gid"": ""1204011305217203"", ""name"": ""CY | Klaviyo"", ""tags"": [], ""due_at"": null, ""due_on"": null, ""assignee"": {""gid"": ""1192914918961045"", ""resource_type"": ""user""}, ""projects"": [{""gid"": ""1203639521855760"", ""resource_type"": ""project""}], ""completed"": false, ""created_at"": ""2023-02-21T13:41:58.033Z"", ""modified_at"": ""2023-04-12T08:24:23.769Z"", ""completed_at"": null, ""assignee_status"": ""inbox"", ""actual_time_minutes"": null}",2023-04-12 08:24:23.769,2023-04-14 15:44:29.368,node_loader.0.0
1204203744533904,"{""gid"": ""1204203744533904"", ""name"": ""CY | UA Ecommerce Events "", ""tags"": [], ""due_at"": null, ""due_on"": null, ""assignee"": {""gid"": ""1192914918961045"", ""resource_type"": ""user""}, ""projects"": [{""gid"": ""1203639521855760"", ""resource_type"": ""project""}], ""completed"": false, ""created_at"": ""2023-03-17T13:06:18.421Z"", ""modified_at"": ""2023-04-13T08:11:00.042Z"", ""completed_at"": null, ""assignee_status"": ""inbox"", ""actual_time_minutes"": null}",2023-04-13 08:11:00.042,2023-04-14 15:44:29.368,node_loader.0.0
1204203744533898,"{""gid"": ""1204203744533898"", ""name"": ""CY | GA4 Ecommerce Events "", ""tags"": [], ""due_at"": null, ""due_on"": null, ""assignee"": {""gid"": ""1204167891637644"", ""resource_type"": ""user""}, ""projects"": [{""gid"": ""1203639521855760"", ""resource_type"": ""project""}], ""completed"": false, ""created_at"": ""2023-03-17T13:05:40.101Z"", ""modified_at"": ""2023-04-13T09:54:43.406Z"", ""completed_at"": null, ""assignee_status"": ""inbox"", ""actual_time_minutes"": null}",2023-04-13 09:54:43.406,2023-04-14 15:44:29.368,node_loader.0.0
1204363011753266,"{""gid"": ""1204363011753266"", ""name"": ""Follow up on Re: Rundome & e-satisfaction.com"", ""tags"": [], ""due_at"": null, ""due_on"": null, ""assignee"": {""gid"": ""1204167891637644"", ""resource_type"": ""user""}, ""projects"": [{""gid"": ""1203639521855760"", ""resource_type"": ""project""}], ""completed"": false, ""created_at"": ""2023-04-10T11:54:08.481Z"", ""modified_at"": ""2023-04-12T10:28:16.072Z"", ""completed_at"": null, ""assignee_status"": ""inbox"", ""actual_time_minutes"": null}",2023-04-12 10:28:16.072,2023-04-14 15:44:29.368,node_loader.0.0
1204203161349563,"{""gid"": ""1204203161349563"", ""name"": ""CY | eSatisfaction"", ""tags"": [], ""due_at"": null, ""due_on"": null, ""assignee"": {""gid"": ""1192914918961045"", ""resource_type"": ""user""}, ""projects"": [{""gid"": ""1203639521855760"", ""resource_type"": ""project""}], ""completed"": false, ""created_at"": ""2023-03-17T14:42:31.927Z"", ""modified_at"": ""2023-04-11T09:32:23.622Z"", ""completed_at"": null, ""assignee_status"": ""inbox"", ""actual_time_minutes"": null}",2023-04-11 09:32:23.622,2023-04-14 15:44:29.368,node_loader.0.0
1204203744533906,"{""gid"": ""1204203744533906"", ""name"": ""CY | Facebook Pixel "", ""tags"": [], ""due_at"": null, ""due_on"": null, ""assignee"": {""gid"": ""1192914918961045"", ""resource_type"": ""user""}, ""projects"": [{""gid"": ""1203639521855760"", ""resource_type"": ""project""}], ""completed"": false, ""created_at"": ""2023-03-17T13:06:31.598Z"", ""modified_at"": ""2023-04-13T08:11:24.190Z"", ""completed_at"": null, ""assignee_status"": ""inbox"", ""actual_time_minutes"": null}",2023-04-13 08:11:24.190,2023-04-14 15:44:29.368,node_loader.0.0
1204011305217198,"{""gid"": ""1204011305217198"", ""name"": ""CY | Cookiebot scripts"", ""tags"": [], ""due_at"": null, ""due_on"": null, ""assignee"": {""gid"": ""1192914918961045"", ""resource_type"": ""user""}, ""projects"": [{""gid"": ""1203639521855760"", ""resource_type"": ""project""}], ""completed"": false, ""created_at"": ""2023-02-21T12:31:44.528Z"", ""modified_at"": ""2023-04-11T11:01:54.498Z"", ""completed_at"": null, ""assignee_status"": ""inbox"", ""actual_time_minutes"": null}",2023-04-11 11:01:54.498,2023-04-14 15:44:29.368,node_loader.0.0
1204196589519197,"{""gid"": ""1204196589519197"", ""name"": ""CY | Google Ads Tracking"", ""tags"": [], ""due_at"": null, ""due_on"": null, ""assignee"": {""gid"": ""1192914918961045"", ""resource_type"": ""user""}, ""projects"": [{""gid"": ""1203639521855760"", ""resource_type"": ""project""}], ""completed"": false, ""created_at"": ""2023-03-16T16:33:03.391Z"", ""modified_at"": ""2023-04-13T08:13:20.457Z"", ""completed_at"": null, ""assignee_status"": ""inbox"", ""actual_time_minutes"": null}",2023-04-13 08:13:20.457,2023-04-14 15:44:29.368,node_loader.0.0
1204196589519193,"{""gid"": ""1204196589519193"", ""name"": ""CY | GA UA Tracking"", ""tags"": [], ""due_at"": null, ""due_on"": null, ""assignee"": {""gid"": ""1192914918961045"", ""resource_type"": ""user""}, ""projects"": [{""gid"": ""1203639521855760"", ""resource_type"": ""project""}], ""completed"": false, ""created_at"": ""2023-03-16T16:18:02.650Z"", ""modified_at"": ""2023-04-13T08:13:26.128Z"", ""completed_at"": null, ""assignee_status"": ""inbox"", ""actual_time_minutes"": null}",2023-04-13 08:13:26.128,2023-04-14 15:44:29.368,node_loader.0.0
1204196589519195,"{""gid"": ""1204196589519195"", ""name"": ""CY | GA4 Tracking"", ""tags"": [], ""due_at"": null, ""due_on"": null, ""assignee"": {""gid"": ""1192914918961045"", ""resource_type"": ""user""}, ""projects"": [{""gid"": ""1203639521855760"", ""resource_type"": ""project""}], ""completed"": false, ""created_at"": ""2023-03-16T16:21:11.261Z"", ""modified_at"": ""2023-04-13T08:13:33.821Z"", ""completed_at"": null, ""assignee_status"": ""inbox"", ""actual_time_minutes"": null}",2023-04-13 08:13:33.821,2023-04-14 15:44:29.368,node_loader.0.0
1204352962508288,"{""gid"": ""1204352962508288"", ""name"": ""category heavy load"", ""tags"": [], ""due_at"": null, ""due_on"": null, ""assignee"": {""gid"": ""1203479392111618"", ""resource_type"": ""user""}, ""projects"": [{""gid"": ""1203639521855760"", ""resource_type"": ""project""}], ""completed"": true, ""created_at"": ""2023-04-07T06:10:56.738Z"", ""modified_at"": ""2023-04-12T12:47:14.093Z"", ""completed_at"": ""2023-04-12T12:47:11.265Z"", ""assignee_status"": ""inbox"", ""actual_time_minutes"": null}",2023-04-12 12:47:14.093,2023-04-14 15:44:29.368,node_loader.0.0
1204011306364258,"{""gid"": ""1204011306364258"", ""name"": ""CY | Kustomer Scripts"", ""tags"": [], ""due_at"": null, ""due_on"": null, ""assignee"": {""gid"": ""1192914918961045"", ""resource_type"": ""user""}, ""projects"": [{""gid"": ""1203639521855760"", ""resource_type"": ""project""}], ""completed"": true, ""created_at"": ""2023-02-21T13:42:44.641Z"", ""modified_at"": ""2023-04-12T12:19:42.314Z"", ""completed_at"": ""2023-04-12T12:19:42.100Z"", ""assignee_status"": ""inbox"", ""actual_time_minutes"": null}",2023-04-12 12:19:42.314,2023-04-14 15:44:29.368,node_loader.0.0
1204345656685444,"{""gid"": ""1204345656685444"", ""name"": ""CY | unclassified cookies"", ""tags"": [], ""due_at"": null, ""due_on"": null, ""assignee"": {""gid"": ""1192914918961045"", ""resource_type"": ""user""}, ""projects"": [{""gid"": ""1203639521855760"", ""resource_type"": ""project""}], ""completed"": true, ""created_at"": ""2023-04-06T07:35:18.013Z"", ""modified_at"": ""2023-04-12T11:53:25.376Z"", ""completed_at"": ""2023-04-12T11:53:25.017Z"", ""assignee_status"": ""inbox"", ""actual_time_minutes"": null}",2023-04-12 11:53:25.376,2023-04-14 15:44:29.368,node_loader.0.0
1204203161349560,"{""gid"": ""1204203161349560"", ""name"": ""CY | Klaviyo GTM"", ""tags"": [], ""due_at"": null, ""due_on"": null, ""assignee"": {""gid"": ""1192914918961045"", ""resource_type"": ""user""}, ""projects"": [{""gid"": ""1203639521855760"", ""resource_type"": ""project""}], ""completed"": true, ""created_at"": ""2023-03-17T11:52:23.340Z"", ""modified_at"": ""2023-04-11T08:52:26.151Z"", ""completed_at"": ""2023-04-11T08:52:23.767Z"", ""assignee_status"": ""inbox"", ""actual_time_minutes"": null}",2023-04-11 08:52:26.151,2023-04-14 15:44:29.368,node_loader.0.0
